{
  "model": "Logistic Regression",
  "auc_roc": 0.9707,
  "avg_precision": 0.7238,
  "confusion_matrix": [
    [
      55338,
      1526
    ],
    [
      9,
      89
    ]
  ],
  "classification_report": {
    "Legit": {
      "precision": 0.9998373895604098,
      "recall": 0.9731640405177265,
      "f1-score": 0.9863204142196398,
      "support": 56864.0
    },
    "Fraud": {
      "precision": 0.055108359133126936,
      "recall": 0.9081632653061225,
      "f1-score": 0.1039112667834209,
      "support": 98.0
    },
    "accuracy": 0.9730522102454268,
    "macro avg": {
      "precision": 0.5274728743467684,
      "recall": 0.9406636529119246,
      "f1-score": 0.5451158405015304,
      "support": 56962.0
    },
    "weighted avg": {
      "precision": 0.998212035026126,
      "recall": 0.9730522102454268,
      "f1-score": 0.9848022776294788,
      "support": 56962.0
    }
  }
}